if_id,source_file,source_line,route_pattern,methods,expanded_paths,expanded_routes
IF-AS-001,spec/framework/23-interface-contract-catalog.md,152,/_matrix/app/*/ping,POST,/_matrix/app/v1/ping,POST /_matrix/app/v1/ping
IF-AS-001,spec/framework/23-interface-contract-catalog.md,152,/_matrix/app/*/rooms/{roomAlias},GET,/_matrix/app/v1/rooms/{roomAlias},GET /_matrix/app/v1/rooms/{roomAlias}
IF-AS-001,spec/framework/23-interface-contract-catalog.md,152,/_matrix/app/*/thirdparty/location,GET,/_matrix/app/v1/thirdparty/location,GET /_matrix/app/v1/thirdparty/location
IF-AS-001,spec/framework/23-interface-contract-catalog.md,152,/_matrix/app/*/thirdparty/location/{protocol},GET,/_matrix/app/v1/thirdparty/location/{protocol},GET /_matrix/app/v1/thirdparty/location/{protocol}
IF-AS-001,spec/framework/23-interface-contract-catalog.md,152,/_matrix/app/*/thirdparty/protocol/{protocol},GET,/_matrix/app/v1/thirdparty/protocol/{protocol},GET /_matrix/app/v1/thirdparty/protocol/{protocol}
IF-AS-001,spec/framework/23-interface-contract-catalog.md,152,/_matrix/app/*/thirdparty/user,GET,/_matrix/app/v1/thirdparty/user,GET /_matrix/app/v1/thirdparty/user
IF-AS-001,spec/framework/23-interface-contract-catalog.md,152,/_matrix/app/*/thirdparty/user/{protocol},GET,/_matrix/app/v1/thirdparty/user/{protocol},GET /_matrix/app/v1/thirdparty/user/{protocol}
IF-AS-001,spec/framework/23-interface-contract-catalog.md,152,/_matrix/app/*/users/{userId},GET,/_matrix/app/v1/users/{userId},GET /_matrix/app/v1/users/{userId}
IF-CS-002,spec/framework/23-interface-contract-catalog.md,46,/_matrix/client/*/capabilities,GET,/_matrix/client/v3/capabilities,GET /_matrix/client/v3/capabilities
IF-CS-003,spec/framework/23-interface-contract-catalog.md,50,/_matrix/client/*/user/{userId}/filter,POST,/_matrix/client/v3/user/{userId}/filter,POST /_matrix/client/v3/user/{userId}/filter
IF-CS-004,spec/framework/23-interface-contract-catalog.md,51,/_matrix/client/*/user/{userId}/filter/{filterId},GET,/_matrix/client/v3/user/{userId}/filter/{filterId},GET /_matrix/client/v3/user/{userId}/filter/{filterId}
IF-CS-005,spec/framework/23-interface-contract-catalog.md,47,/_matrix/client/*/login,GET,/_matrix/client/v3/login,GET /_matrix/client/v3/login
IF-CS-006,spec/framework/23-interface-contract-catalog.md,57,/_matrix/client/*/account/password,POST,/_matrix/client/v3/account/password,POST /_matrix/client/v3/account/password
IF-CS-007,spec/framework/23-interface-contract-catalog.md,58,/_matrix/client/*/account/password/email/requestToken,POST,/_matrix/client/v3/account/password/email/requestToken,POST /_matrix/client/v3/account/password/email/requestToken
IF-CS-007,spec/framework/23-interface-contract-catalog.md,58,/_matrix/client/*/account/password/msisdn/requestToken,POST,/_matrix/client/v3/account/password/msisdn/requestToken,POST /_matrix/client/v3/account/password/msisdn/requestToken
IF-CS-007,spec/framework/23-interface-contract-catalog.md,58,/_matrix/client/*/register/email/requestToken,POST,/_matrix/client/v3/register/email/requestToken,POST /_matrix/client/v3/register/email/requestToken
IF-CS-007,spec/framework/23-interface-contract-catalog.md,58,/_matrix/client/*/register/msisdn/requestToken,POST,/_matrix/client/v3/register/msisdn/requestToken,POST /_matrix/client/v3/register/msisdn/requestToken
IF-CS-008,spec/framework/23-interface-contract-catalog.md,59,/_matrix/client/*/account/deactivate,POST,/_matrix/client/v3/account/deactivate,POST /_matrix/client/v3/account/deactivate
IF-CS-009,spec/framework/23-interface-contract-catalog.md,48,/_matrix/client/*/register/available,GET,/_matrix/client/v3/register/available,GET /_matrix/client/v3/register/available
IF-CS-010,spec/framework/23-interface-contract-catalog.md,60,/_matrix/client/*/register,POST,/_matrix/client/v3/register,POST /_matrix/client/v3/register
IF-CS-011,spec/framework/23-interface-contract-catalog.md,61,/_matrix/client/*/login,POST,/_matrix/client/v3/login,POST /_matrix/client/v3/login
IF-CS-012,spec/framework/23-interface-contract-catalog.md,62,/_matrix/client/*/refresh,POST,/_matrix/client/v3/refresh,POST /_matrix/client/v3/refresh
IF-CS-013,spec/framework/23-interface-contract-catalog.md,63,/_matrix/client/*/logout,POST,/_matrix/client/v3/logout,POST /_matrix/client/v3/logout
IF-CS-013,spec/framework/23-interface-contract-catalog.md,63,/_matrix/client/*/logout/all,POST,/_matrix/client/v3/logout/all,POST /_matrix/client/v3/logout/all
IF-CS-014,spec/framework/23-interface-contract-catalog.md,64,/_matrix/client/*/account/whoami,GET,/_matrix/client/v3/account/whoami,GET /_matrix/client/v3/account/whoami
IF-CS-015,spec/framework/23-interface-contract-catalog.md,65,/_matrix/client/*/rooms/{roomId}/read_markers,POST,/_matrix/client/v3/rooms/{roomId}/read_markers,POST /_matrix/client/v3/rooms/{roomId}/read_markers
IF-CS-015,spec/framework/23-interface-contract-catalog.md,65,/_matrix/client/*/user/{userId}/account_data/{type},"GET,PUT",/_matrix/client/v3/user/{userId}/account_data/{type},GET /_matrix/client/v3/user/{userId}/account_data/{type} | PUT /_matrix/client/v3/user/{userId}/account_data/{type}
IF-CS-015,spec/framework/23-interface-contract-catalog.md,65,/_matrix/client/*/user/{userId}/rooms/{roomId}/account_data/{type},"GET,PUT",/_matrix/client/v3/user/{userId}/rooms/{roomId}/account_data/{type},GET /_matrix/client/v3/user/{userId}/rooms/{roomId}/account_data/{type} | PUT /_matrix/client/v3/user/{userId}/rooms/{roomId}/account_data/{type}
IF-CS-015,spec/framework/23-interface-contract-catalog.md,65,/_matrix/client/*/user/{userId}/rooms/{roomId}/tags,GET,/_matrix/client/v3/user/{userId}/rooms/{roomId}/tags,GET /_matrix/client/v3/user/{userId}/rooms/{roomId}/tags
IF-CS-015,spec/framework/23-interface-contract-catalog.md,65,/_matrix/client/*/user/{userId}/rooms/{roomId}/tags/{tag},"PUT,DELETE",/_matrix/client/v3/user/{userId}/rooms/{roomId}/tags/{tag},PUT /_matrix/client/v3/user/{userId}/rooms/{roomId}/tags/{tag} | DELETE /_matrix/client/v3/user/{userId}/rooms/{roomId}/tags/{tag}
IF-CS-016,spec/framework/23-interface-contract-catalog.md,66,/_matrix/client/*/presence/{userId}/status,GET,/_matrix/client/v3/presence/{userId}/status,GET /_matrix/client/v3/presence/{userId}/status
IF-CS-016,spec/framework/23-interface-contract-catalog.md,66,/_matrix/client/*/presence/{userId}/status,PUT,/_matrix/client/v3/presence/{userId}/status,PUT /_matrix/client/v3/presence/{userId}/status
IF-CS-017,spec/framework/23-interface-contract-catalog.md,67,/_matrix/client/*/profile/{userId},GET,/_matrix/client/v3/profile/{userId},GET /_matrix/client/v3/profile/{userId}
IF-CS-017,spec/framework/23-interface-contract-catalog.md,67,/_matrix/client/*/profile/{userId}/{keyName},"GET,PUT,DELETE",/_matrix/client/v3/profile/{userId}/{keyName},GET /_matrix/client/v3/profile/{userId}/{keyName} | PUT /_matrix/client/v3/profile/{userId}/{keyName} | DELETE /_matrix/client/v3/profile/{userId}/{keyName}
IF-CS-018,spec/framework/23-interface-contract-catalog.md,68,/_matrix/client/*/pushrules/,GET,/_matrix/client/v3/pushrules/,GET /_matrix/client/v3/pushrules/
IF-CS-018,spec/framework/23-interface-contract-catalog.md,68,/_matrix/client/*/pushrules/global/,GET,/_matrix/client/v3/pushrules/global/,GET /_matrix/client/v3/pushrules/global/
IF-CS-018,spec/framework/23-interface-contract-catalog.md,68,/_matrix/client/*/pushrules/global/{kind}/{ruleId},"GET,PUT,DELETE",/_matrix/client/v3/pushrules/global/{kind}/{ruleId},GET /_matrix/client/v3/pushrules/global/{kind}/{ruleId} | PUT /_matrix/client/v3/pushrules/global/{kind}/{ruleId} | DELETE /_matrix/client/v3/pushrules/global/{kind}/{ruleId}
IF-CS-018,spec/framework/23-interface-contract-catalog.md,68,/_matrix/client/*/pushrules/global/{kind}/{ruleId}/actions,"GET,PUT",/_matrix/client/v3/pushrules/global/{kind}/{ruleId}/actions,GET /_matrix/client/v3/pushrules/global/{kind}/{ruleId}/actions | PUT /_matrix/client/v3/pushrules/global/{kind}/{ruleId}/actions
IF-CS-018,spec/framework/23-interface-contract-catalog.md,68,/_matrix/client/*/pushrules/global/{kind}/{ruleId}/enabled,"GET,PUT",/_matrix/client/v3/pushrules/global/{kind}/{ruleId}/enabled,GET /_matrix/client/v3/pushrules/global/{kind}/{ruleId}/enabled | PUT /_matrix/client/v3/pushrules/global/{kind}/{ruleId}/enabled
IF-CS-019,spec/framework/23-interface-contract-catalog.md,69,/_matrix/client/*/rooms/{roomId}/receipt/{receiptType}/{eventId},POST,/_matrix/client/v3/rooms/{roomId}/receipt/{receiptType}/{eventId},POST /_matrix/client/v3/rooms/{roomId}/receipt/{receiptType}/{eventId}
IF-CS-019,spec/framework/23-interface-contract-catalog.md,69,/_matrix/client/*/rooms/{roomId}/typing/{userId},PUT,/_matrix/client/v3/rooms/{roomId}/typing/{userId},PUT /_matrix/client/v3/rooms/{roomId}/typing/{userId}
IF-CS-020,spec/framework/23-interface-contract-catalog.md,70,/_matrix/client/*/sync,GET,/_matrix/client/v3/sync,GET /_matrix/client/v3/sync
IF-CS-030,spec/framework/23-interface-contract-catalog.md,76,/_matrix/client/*/createRoom,POST,/_matrix/client/v3/createRoom,POST /_matrix/client/v3/createRoom
IF-CS-031,spec/framework/23-interface-contract-catalog.md,77,/_matrix/client/*/join/{roomIdOrAlias},POST,/_matrix/client/v3/join/{roomIdOrAlias},POST /_matrix/client/v3/join/{roomIdOrAlias}
IF-CS-031,spec/framework/23-interface-contract-catalog.md,77,/_matrix/client/*/knock/{roomIdOrAlias},POST,/_matrix/client/v3/knock/{roomIdOrAlias},POST /_matrix/client/v3/knock/{roomIdOrAlias}
IF-CS-031,spec/framework/23-interface-contract-catalog.md,77,/_matrix/client/*/rooms/{roomId}/ban,POST,/_matrix/client/v3/rooms/{roomId}/ban,POST /_matrix/client/v3/rooms/{roomId}/ban
IF-CS-031,spec/framework/23-interface-contract-catalog.md,77,/_matrix/client/*/rooms/{roomId}/forget,POST,/_matrix/client/v3/rooms/{roomId}/forget,POST /_matrix/client/v3/rooms/{roomId}/forget
IF-CS-031,spec/framework/23-interface-contract-catalog.md,77,/_matrix/client/*/rooms/{roomId}/invite,POST,/_matrix/client/v3/rooms/{roomId}/invite,POST /_matrix/client/v3/rooms/{roomId}/invite
IF-CS-031,spec/framework/23-interface-contract-catalog.md,77,/_matrix/client/*/rooms/{roomId}/join,POST,/_matrix/client/v3/rooms/{roomId}/join,POST /_matrix/client/v3/rooms/{roomId}/join
IF-CS-031,spec/framework/23-interface-contract-catalog.md,77,/_matrix/client/*/rooms/{roomId}/kick,POST,/_matrix/client/v3/rooms/{roomId}/kick,POST /_matrix/client/v3/rooms/{roomId}/kick
IF-CS-031,spec/framework/23-interface-contract-catalog.md,77,/_matrix/client/*/rooms/{roomId}/leave,POST,/_matrix/client/v3/rooms/{roomId}/leave,POST /_matrix/client/v3/rooms/{roomId}/leave
IF-CS-031,spec/framework/23-interface-contract-catalog.md,77,/_matrix/client/*/rooms/{roomId}/unban,POST,/_matrix/client/v3/rooms/{roomId}/unban,POST /_matrix/client/v3/rooms/{roomId}/unban
IF-CS-032,spec/framework/23-interface-contract-catalog.md,78,/_matrix/client/*/rooms/{roomId}/send/{eventType}/{txnId},PUT,/_matrix/client/v3/rooms/{roomId}/send/{eventType}/{txnId},PUT /_matrix/client/v3/rooms/{roomId}/send/{eventType}/{txnId}
IF-CS-033,spec/framework/23-interface-contract-catalog.md,79,/_matrix/client/*/rooms/{roomId}/state/{eventType}/{stateKey},PUT,/_matrix/client/v3/rooms/{roomId}/state/{eventType}/{stateKey},PUT /_matrix/client/v3/rooms/{roomId}/state/{eventType}/{stateKey}
IF-CS-034,spec/framework/23-interface-contract-catalog.md,80,/_matrix/client/*/rooms/{roomId}/context/{eventId},GET,/_matrix/client/v3/rooms/{roomId}/context/{eventId},GET /_matrix/client/v3/rooms/{roomId}/context/{eventId}
IF-CS-034,spec/framework/23-interface-contract-catalog.md,80,/_matrix/client/*/rooms/{roomId}/event/{eventId},GET,/_matrix/client/v3/rooms/{roomId}/event/{eventId},GET /_matrix/client/v3/rooms/{roomId}/event/{eventId}
IF-CS-034,spec/framework/23-interface-contract-catalog.md,80,/_matrix/client/*/rooms/{roomId}/joined_members,GET,/_matrix/client/v3/rooms/{roomId}/joined_members,GET /_matrix/client/v3/rooms/{roomId}/joined_members
IF-CS-034,spec/framework/23-interface-contract-catalog.md,80,/_matrix/client/*/rooms/{roomId}/members,GET,/_matrix/client/v3/rooms/{roomId}/members,GET /_matrix/client/v3/rooms/{roomId}/members
IF-CS-034,spec/framework/23-interface-contract-catalog.md,80,/_matrix/client/*/rooms/{roomId}/messages,GET,/_matrix/client/v3/rooms/{roomId}/messages,GET /_matrix/client/v3/rooms/{roomId}/messages
IF-CS-034,spec/framework/23-interface-contract-catalog.md,80,/_matrix/client/*/rooms/{roomId}/relations/{eventId},GET,/_matrix/client/v1/rooms/{roomId}/relations/{eventId},GET /_matrix/client/v1/rooms/{roomId}/relations/{eventId}
IF-CS-034,spec/framework/23-interface-contract-catalog.md,80,/_matrix/client/*/rooms/{roomId}/relations/{eventId}/{relType},GET,/_matrix/client/v1/rooms/{roomId}/relations/{eventId}/{relType},GET /_matrix/client/v1/rooms/{roomId}/relations/{eventId}/{relType}
IF-CS-034,spec/framework/23-interface-contract-catalog.md,80,/_matrix/client/*/rooms/{roomId}/relations/{eventId}/{relType}/{eventType},GET,/_matrix/client/v1/rooms/{roomId}/relations/{eventId}/{relType}/{eventType},GET /_matrix/client/v1/rooms/{roomId}/relations/{eventId}/{relType}/{eventType}
IF-CS-034,spec/framework/23-interface-contract-catalog.md,80,/_matrix/client/*/rooms/{roomId}/state,GET,/_matrix/client/v3/rooms/{roomId}/state,GET /_matrix/client/v3/rooms/{roomId}/state
IF-CS-034,spec/framework/23-interface-contract-catalog.md,80,/_matrix/client/*/rooms/{roomId}/state/{eventType}/{stateKey},GET,/_matrix/client/v3/rooms/{roomId}/state/{eventType}/{stateKey},GET /_matrix/client/v3/rooms/{roomId}/state/{eventType}/{stateKey}
IF-CS-034,spec/framework/23-interface-contract-catalog.md,80,/_matrix/client/*/rooms/{roomId}/threads,GET,/_matrix/client/v1/rooms/{roomId}/threads,GET /_matrix/client/v1/rooms/{roomId}/threads
IF-CS-034,spec/framework/23-interface-contract-catalog.md,80,/_matrix/client/*/rooms/{roomId}/timestamp_to_event,GET,/_matrix/client/v1/rooms/{roomId}/timestamp_to_event,GET /_matrix/client/v1/rooms/{roomId}/timestamp_to_event
IF-CS-035,spec/framework/23-interface-contract-catalog.md,81,/_matrix/client/*/rooms/{roomId}/redact/{eventId}/{txnId},PUT,/_matrix/client/v3/rooms/{roomId}/redact/{eventId}/{txnId},PUT /_matrix/client/v3/rooms/{roomId}/redact/{eventId}/{txnId}
IF-CS-040,spec/framework/23-interface-contract-catalog.md,87,/_matrix/client/*/delete_devices,POST,/_matrix/client/v3/delete_devices,POST /_matrix/client/v3/delete_devices
IF-CS-040,spec/framework/23-interface-contract-catalog.md,87,/_matrix/client/*/devices,GET,/_matrix/client/v3/devices,GET /_matrix/client/v3/devices
IF-CS-040,spec/framework/23-interface-contract-catalog.md,87,/_matrix/client/*/devices/{deviceId},GET,/_matrix/client/v3/devices/{deviceId},GET /_matrix/client/v3/devices/{deviceId}
IF-CS-040,spec/framework/23-interface-contract-catalog.md,87,/_matrix/client/*/devices/{deviceId},PUT,/_matrix/client/v3/devices/{deviceId},PUT /_matrix/client/v3/devices/{deviceId}
IF-CS-040,spec/framework/23-interface-contract-catalog.md,87,/_matrix/client/*/devices/{deviceId},DELETE,/_matrix/client/v3/devices/{deviceId},DELETE /_matrix/client/v3/devices/{deviceId}
IF-CS-041,spec/framework/23-interface-contract-catalog.md,88,/_matrix/client/*/sendToDevice/{eventType}/{txnId},PUT,/_matrix/client/v3/sendToDevice/{eventType}/{txnId},PUT /_matrix/client/v3/sendToDevice/{eventType}/{txnId}
IF-CS-042,spec/framework/23-interface-contract-catalog.md,89,/_matrix/client/*/keys/upload,POST,/_matrix/client/v3/keys/upload,POST /_matrix/client/v3/keys/upload
IF-CS-043,spec/framework/23-interface-contract-catalog.md,90,/_matrix/client/*/keys/query,POST,/_matrix/client/v3/keys/query,POST /_matrix/client/v3/keys/query
IF-CS-044,spec/framework/23-interface-contract-catalog.md,91,/_matrix/client/*/keys/claim,POST,/_matrix/client/v3/keys/claim,POST /_matrix/client/v3/keys/claim
IF-CS-045,spec/framework/23-interface-contract-catalog.md,92,/_matrix/client/*/room_keys/keys,"GET,PUT",/_matrix/client/v3/room_keys/keys,GET /_matrix/client/v3/room_keys/keys | PUT /_matrix/client/v3/room_keys/keys
IF-CS-045,spec/framework/23-interface-contract-catalog.md,92,/_matrix/client/*/room_keys/keys/{roomId},"GET,PUT,DELETE",/_matrix/client/v3/room_keys/keys/{roomId},GET /_matrix/client/v3/room_keys/keys/{roomId} | PUT /_matrix/client/v3/room_keys/keys/{roomId} | DELETE /_matrix/client/v3/room_keys/keys/{roomId}
IF-CS-045,spec/framework/23-interface-contract-catalog.md,92,/_matrix/client/*/room_keys/keys/{roomId}/{sessionId},"GET,PUT,DELETE",/_matrix/client/v3/room_keys/keys/{roomId}/{sessionId},GET /_matrix/client/v3/room_keys/keys/{roomId}/{sessionId} | PUT /_matrix/client/v3/room_keys/keys/{roomId}/{sessionId} | DELETE /_matrix/client/v3/room_keys/keys/{roomId}/{sessionId}
IF-CS-045,spec/framework/23-interface-contract-catalog.md,92,/_matrix/client/*/room_keys/version,POST,/_matrix/client/v3/room_keys/version,POST /_matrix/client/v3/room_keys/version
IF-CS-045,spec/framework/23-interface-contract-catalog.md,92,/_matrix/client/*/room_keys/version,GET,/_matrix/client/v3/room_keys/version,GET /_matrix/client/v3/room_keys/version
IF-CS-045,spec/framework/23-interface-contract-catalog.md,92,/_matrix/client/*/room_keys/version/{version},"GET,PUT,DELETE",/_matrix/client/v3/room_keys/version/{version},GET /_matrix/client/v3/room_keys/version/{version} | PUT /_matrix/client/v3/room_keys/version/{version} | DELETE /_matrix/client/v3/room_keys/version/{version}
IF-CS-050,spec/framework/23-interface-contract-catalog.md,98,/_matrix/media/*/config,GET,/_matrix/media/v3/config,GET /_matrix/media/v3/config
IF-CS-050,spec/framework/23-interface-contract-catalog.md,98,/_matrix/media/*/create,POST,/_matrix/media/v1/create,POST /_matrix/media/v1/create
IF-CS-050,spec/framework/23-interface-contract-catalog.md,98,/_matrix/media/*/upload,POST,/_matrix/media/v3/upload,POST /_matrix/media/v3/upload
IF-CS-050,spec/framework/23-interface-contract-catalog.md,98,/_matrix/media/*/upload/{serverName}/{mediaId},PUT,/_matrix/media/v3/upload/{serverName}/{mediaId},PUT /_matrix/media/v3/upload/{serverName}/{mediaId}
IF-CS-051,spec/framework/23-interface-contract-catalog.md,99,/_matrix/media/*/download/{serverName}/{mediaId},GET,/_matrix/media/v3/download/{serverName}/{mediaId},GET /_matrix/media/v3/download/{serverName}/{mediaId}
IF-CS-051,spec/framework/23-interface-contract-catalog.md,99,/_matrix/media/*/download/{serverName}/{mediaId}/{fileName},GET,/_matrix/media/v3/download/{serverName}/{mediaId}/{fileName},GET /_matrix/media/v3/download/{serverName}/{mediaId}/{fileName}
IF-CS-051,spec/framework/23-interface-contract-catalog.md,99,/_matrix/media/*/thumbnail/{serverName}/{mediaId},GET,/_matrix/media/v3/thumbnail/{serverName}/{mediaId},GET /_matrix/media/v3/thumbnail/{serverName}/{mediaId}
IF-CS-052,spec/framework/23-interface-contract-catalog.md,100,/_matrix/client/*/publicRooms,"GET,POST",/_matrix/client/v3/publicRooms,GET /_matrix/client/v3/publicRooms | POST /_matrix/client/v3/publicRooms
IF-CS-052,spec/framework/23-interface-contract-catalog.md,100,/_matrix/client/*/rooms/{roomId}/hierarchy,GET,/_matrix/client/v1/rooms/{roomId}/hierarchy,GET /_matrix/client/v1/rooms/{roomId}/hierarchy
IF-CS-052,spec/framework/23-interface-contract-catalog.md,100,/_matrix/client/*/search,POST,/_matrix/client/v3/search,POST /_matrix/client/v3/search
IF-CS-052,spec/framework/23-interface-contract-catalog.md,100,/_matrix/client/*/user_directory/search,POST,/_matrix/client/v3/user_directory/search,POST /_matrix/client/v3/user_directory/search
IF-CS-053,spec/framework/23-interface-contract-catalog.md,113,/_matrix/client/*/directory/list/room/{roomId},"GET,PUT",/_matrix/client/v3/directory/list/room/{roomId},GET /_matrix/client/v3/directory/list/room/{roomId} | PUT /_matrix/client/v3/directory/list/room/{roomId}
IF-CS-053,spec/framework/23-interface-contract-catalog.md,113,/_matrix/client/*/directory/room/{roomAlias},"GET,PUT,DELETE",/_matrix/client/v3/directory/room/{roomAlias},GET /_matrix/client/v3/directory/room/{roomAlias} | PUT /_matrix/client/v3/directory/room/{roomAlias} | DELETE /_matrix/client/v3/directory/room/{roomAlias}
IF-CS-053,spec/framework/23-interface-contract-catalog.md,113,/_matrix/client/*/joined_rooms,GET,/_matrix/client/v3/joined_rooms,GET /_matrix/client/v3/joined_rooms
IF-CS-053,spec/framework/23-interface-contract-catalog.md,113,/_matrix/client/*/room_summary/{roomIdOrAlias},GET,/_matrix/client/v1/room_summary/{roomIdOrAlias},GET /_matrix/client/v1/room_summary/{roomIdOrAlias}
IF-CS-053,spec/framework/23-interface-contract-catalog.md,113,/_matrix/client/*/rooms/{roomId}/aliases,GET,/_matrix/client/v3/rooms/{roomId}/aliases,GET /_matrix/client/v3/rooms/{roomId}/aliases
IF-CS-054,spec/framework/23-interface-contract-catalog.md,114,/_matrix/client/*/notifications,GET,/_matrix/client/v3/notifications,GET /_matrix/client/v3/notifications
IF-CS-055,spec/framework/23-interface-contract-catalog.md,115,/_matrix/client/*/pushers,GET,/_matrix/client/v3/pushers,GET /_matrix/client/v3/pushers
IF-CS-055,spec/framework/23-interface-contract-catalog.md,115,/_matrix/client/*/pushers/set,POST,/_matrix/client/v3/pushers/set,POST /_matrix/client/v3/pushers/set
IF-CS-056,spec/framework/23-interface-contract-catalog.md,116,/_matrix/client/*/rooms/{roomId}/upgrade,POST,/_matrix/client/v3/rooms/{roomId}/upgrade,POST /_matrix/client/v3/rooms/{roomId}/upgrade
IF-CS-057,spec/framework/23-interface-contract-catalog.md,117,/_matrix/client/*/rooms/{roomId}/report,POST,/_matrix/client/v3/rooms/{roomId}/report,POST /_matrix/client/v3/rooms/{roomId}/report
IF-CS-057,spec/framework/23-interface-contract-catalog.md,117,/_matrix/client/*/rooms/{roomId}/report/{eventId},POST,/_matrix/client/v3/rooms/{roomId}/report/{eventId},POST /_matrix/client/v3/rooms/{roomId}/report/{eventId}
IF-CS-057,spec/framework/23-interface-contract-catalog.md,117,/_matrix/client/*/users/{userId}/report,POST,/_matrix/client/v3/users/{userId}/report,POST /_matrix/client/v3/users/{userId}/report
IF-CS-058,spec/framework/23-interface-contract-catalog.md,118,/_matrix/client/*/media/preview_url,GET,/_matrix/client/v1/media/preview_url,GET /_matrix/client/v1/media/preview_url
IF-CS-058,spec/framework/23-interface-contract-catalog.md,118,/_matrix/media/*/preview_url,GET,/_matrix/media/v3/preview_url,GET /_matrix/media/v3/preview_url
IF-CS-059,spec/framework/23-interface-contract-catalog.md,119,/_matrix/client/*/login/sso/redirect,GET,/_matrix/client/v3/login/sso/redirect,GET /_matrix/client/v3/login/sso/redirect
IF-CS-059,spec/framework/23-interface-contract-catalog.md,119,/_matrix/client/*/login/sso/redirect/{idpId},GET,/_matrix/client/v3/login/sso/redirect/{idpId},GET /_matrix/client/v3/login/sso/redirect/{idpId}
IF-CS-060,spec/framework/23-interface-contract-catalog.md,120,/_matrix/client/*/account/3pid,GET,/_matrix/client/v3/account/3pid,GET /_matrix/client/v3/account/3pid
IF-CS-060,spec/framework/23-interface-contract-catalog.md,120,/_matrix/client/*/account/3pid,POST,/_matrix/client/v3/account/3pid,POST /_matrix/client/v3/account/3pid
IF-CS-060,spec/framework/23-interface-contract-catalog.md,120,/_matrix/client/*/account/3pid/add,POST,/_matrix/client/v3/account/3pid/add,POST /_matrix/client/v3/account/3pid/add
IF-CS-060,spec/framework/23-interface-contract-catalog.md,120,/_matrix/client/*/account/3pid/bind,POST,/_matrix/client/v3/account/3pid/bind,POST /_matrix/client/v3/account/3pid/bind
IF-CS-060,spec/framework/23-interface-contract-catalog.md,120,/_matrix/client/*/account/3pid/delete,POST,/_matrix/client/v3/account/3pid/delete,POST /_matrix/client/v3/account/3pid/delete
IF-CS-060,spec/framework/23-interface-contract-catalog.md,120,/_matrix/client/*/account/3pid/email/requestToken,POST,/_matrix/client/v3/account/3pid/email/requestToken,POST /_matrix/client/v3/account/3pid/email/requestToken
IF-CS-060,spec/framework/23-interface-contract-catalog.md,120,/_matrix/client/*/account/3pid/msisdn/requestToken,POST,/_matrix/client/v3/account/3pid/msisdn/requestToken,POST /_matrix/client/v3/account/3pid/msisdn/requestToken
IF-CS-060,spec/framework/23-interface-contract-catalog.md,120,/_matrix/client/*/account/3pid/unbind,POST,/_matrix/client/v3/account/3pid/unbind,POST /_matrix/client/v3/account/3pid/unbind
IF-CS-061,spec/framework/23-interface-contract-catalog.md,121,/_matrix/client/*/admin/whois/{userId},GET,/_matrix/client/v3/admin/whois/{userId},GET /_matrix/client/v3/admin/whois/{userId}
IF-CS-061,spec/framework/23-interface-contract-catalog.md,121,/_matrix/client/*/thirdparty/location,GET,/_matrix/client/v3/thirdparty/location,GET /_matrix/client/v3/thirdparty/location
IF-CS-061,spec/framework/23-interface-contract-catalog.md,121,/_matrix/client/*/thirdparty/location/{protocol},GET,/_matrix/client/v3/thirdparty/location/{protocol},GET /_matrix/client/v3/thirdparty/location/{protocol}
IF-CS-061,spec/framework/23-interface-contract-catalog.md,121,/_matrix/client/*/thirdparty/protocol/{protocol},GET,/_matrix/client/v3/thirdparty/protocol/{protocol},GET /_matrix/client/v3/thirdparty/protocol/{protocol}
IF-CS-061,spec/framework/23-interface-contract-catalog.md,121,/_matrix/client/*/thirdparty/protocols,GET,/_matrix/client/v3/thirdparty/protocols,GET /_matrix/client/v3/thirdparty/protocols
IF-CS-061,spec/framework/23-interface-contract-catalog.md,121,/_matrix/client/*/thirdparty/user,GET,/_matrix/client/v3/thirdparty/user,GET /_matrix/client/v3/thirdparty/user
IF-CS-061,spec/framework/23-interface-contract-catalog.md,121,/_matrix/client/*/thirdparty/user/{protocol},GET,/_matrix/client/v3/thirdparty/user/{protocol},GET /_matrix/client/v3/thirdparty/user/{protocol}
IF-CS-062,spec/framework/23-interface-contract-catalog.md,122,/_matrix/client/*/user/{userId}/openid/request_token,POST,/_matrix/client/v3/user/{userId}/openid/request_token,POST /_matrix/client/v3/user/{userId}/openid/request_token
IF-CS-063,spec/framework/23-interface-contract-catalog.md,123,/_matrix/client/*/voip/turnServer,GET,/_matrix/client/v3/voip/turnServer,GET /_matrix/client/v3/voip/turnServer
IF-CS-064,spec/framework/23-interface-contract-catalog.md,124,/_matrix/client/*/events,GET,/_matrix/client/v3/events,GET /_matrix/client/v3/events
IF-CS-064,spec/framework/23-interface-contract-catalog.md,124,/_matrix/client/*/events/{eventId},GET,/_matrix/client/v3/events/{eventId},GET /_matrix/client/v3/events/{eventId}
IF-CS-064,spec/framework/23-interface-contract-catalog.md,124,/_matrix/client/*/initialSync,GET,/_matrix/client/v3/initialSync,GET /_matrix/client/v3/initialSync
IF-CS-064,spec/framework/23-interface-contract-catalog.md,124,/_matrix/client/*/rooms/{roomId}/initialSync,GET,/_matrix/client/v3/rooms/{roomId}/initialSync,GET /_matrix/client/v3/rooms/{roomId}/initialSync
IF-FED-001,spec/framework/23-interface-contract-catalog.md,142,/_matrix/federation/*/version,GET,/_matrix/federation/v1/version,GET /_matrix/federation/v1/version
IF-FED-001,spec/framework/23-interface-contract-catalog.md,142,/_matrix/key/*/query,POST,/_matrix/key/v2/query,POST /_matrix/key/v2/query
IF-FED-001,spec/framework/23-interface-contract-catalog.md,142,/_matrix/key/*/query/{serverName},GET,/_matrix/key/v2/query/{serverName},GET /_matrix/key/v2/query/{serverName}
IF-FED-001,spec/framework/23-interface-contract-catalog.md,142,/_matrix/key/*/server,GET,/_matrix/key/v2/server,GET /_matrix/key/v2/server
IF-FED-002,spec/framework/23-interface-contract-catalog.md,143,/_matrix/federation/*/send/{txnId},PUT,/_matrix/federation/v1/send/{txnId},PUT /_matrix/federation/v1/send/{txnId}
IF-FED-003,spec/framework/23-interface-contract-catalog.md,144,/_matrix/federation/*/invite/{roomId}/{eventId},PUT,/_matrix/federation/v1/invite/{roomId}/{eventId} | /_matrix/federation/v2/invite/{roomId}/{eventId},PUT /_matrix/federation/v1/invite/{roomId}/{eventId} | PUT /_matrix/federation/v2/invite/{roomId}/{eventId}
IF-FED-003,spec/framework/23-interface-contract-catalog.md,144,/_matrix/federation/*/make_join/{roomId}/{userId},GET,/_matrix/federation/v1/make_join/{roomId}/{userId},GET /_matrix/federation/v1/make_join/{roomId}/{userId}
IF-FED-003,spec/framework/23-interface-contract-catalog.md,144,/_matrix/federation/*/make_knock/{roomId}/{userId},GET,/_matrix/federation/v1/make_knock/{roomId}/{userId},GET /_matrix/federation/v1/make_knock/{roomId}/{userId}
IF-FED-003,spec/framework/23-interface-contract-catalog.md,144,/_matrix/federation/*/make_leave/{roomId}/{userId},GET,/_matrix/federation/v1/make_leave/{roomId}/{userId},GET /_matrix/federation/v1/make_leave/{roomId}/{userId}
IF-FED-003,spec/framework/23-interface-contract-catalog.md,144,/_matrix/federation/*/send_join/{roomId}/{eventId},PUT,/_matrix/federation/v1/send_join/{roomId}/{eventId} | /_matrix/federation/v2/send_join/{roomId}/{eventId},PUT /_matrix/federation/v1/send_join/{roomId}/{eventId} | PUT /_matrix/federation/v2/send_join/{roomId}/{eventId}
IF-FED-003,spec/framework/23-interface-contract-catalog.md,144,/_matrix/federation/*/send_knock/{roomId}/{eventId},PUT,/_matrix/federation/v1/send_knock/{roomId}/{eventId},PUT /_matrix/federation/v1/send_knock/{roomId}/{eventId}
IF-FED-003,spec/framework/23-interface-contract-catalog.md,144,/_matrix/federation/*/send_leave/{roomId}/{eventId},PUT,/_matrix/federation/v1/send_leave/{roomId}/{eventId} | /_matrix/federation/v2/send_leave/{roomId}/{eventId},PUT /_matrix/federation/v1/send_leave/{roomId}/{eventId} | PUT /_matrix/federation/v2/send_leave/{roomId}/{eventId}
IF-FED-004,spec/framework/23-interface-contract-catalog.md,145,/_matrix/federation/*/backfill/{roomId},GET,/_matrix/federation/v1/backfill/{roomId},GET /_matrix/federation/v1/backfill/{roomId}
IF-FED-004,spec/framework/23-interface-contract-catalog.md,145,/_matrix/federation/*/event_auth/{roomId}/{eventId},GET,/_matrix/federation/v1/event_auth/{roomId}/{eventId},GET /_matrix/federation/v1/event_auth/{roomId}/{eventId}
IF-FED-004,spec/framework/23-interface-contract-catalog.md,145,/_matrix/federation/*/event/{eventId},GET,/_matrix/federation/v1/event/{eventId},GET /_matrix/federation/v1/event/{eventId}
IF-FED-004,spec/framework/23-interface-contract-catalog.md,145,/_matrix/federation/*/get_missing_events/{roomId},POST,/_matrix/federation/v1/get_missing_events/{roomId},POST /_matrix/federation/v1/get_missing_events/{roomId}
IF-FED-004,spec/framework/23-interface-contract-catalog.md,145,/_matrix/federation/*/state_ids/{roomId},GET,/_matrix/federation/v1/state_ids/{roomId},GET /_matrix/federation/v1/state_ids/{roomId}
IF-FED-004,spec/framework/23-interface-contract-catalog.md,145,/_matrix/federation/*/state/{roomId},GET,/_matrix/federation/v1/state/{roomId},GET /_matrix/federation/v1/state/{roomId}
IF-FED-004,spec/framework/23-interface-contract-catalog.md,145,/_matrix/federation/*/timestamp_to_event/{roomId},GET,/_matrix/federation/v1/timestamp_to_event/{roomId},GET /_matrix/federation/v1/timestamp_to_event/{roomId}
IF-FED-006,spec/framework/23-interface-contract-catalog.md,147,/_matrix/federation/*/hierarchy/{roomId},GET,/_matrix/federation/v1/hierarchy/{roomId},GET /_matrix/federation/v1/hierarchy/{roomId}
IF-FED-006,spec/framework/23-interface-contract-catalog.md,147,/_matrix/federation/*/publicRooms,GET,/_matrix/federation/v1/publicRooms,GET /_matrix/federation/v1/publicRooms
IF-FED-006,spec/framework/23-interface-contract-catalog.md,147,/_matrix/federation/*/publicRooms,POST,/_matrix/federation/v1/publicRooms,POST /_matrix/federation/v1/publicRooms
IF-FED-006,spec/framework/23-interface-contract-catalog.md,147,/_matrix/federation/*/query/{queryType},GET,/_matrix/federation/v1/query/{queryType} | /_matrix/federation/v1/query/directory | /_matrix/federation/v1/query/profile,GET /_matrix/federation/v1/query/{queryType} | GET /_matrix/federation/v1/query/directory | GET /_matrix/federation/v1/query/profile
IF-FED-006,spec/framework/23-interface-contract-catalog.md,147,/_matrix/federation/*/query/directory,GET,/_matrix/federation/v1/query/directory,GET /_matrix/federation/v1/query/directory
IF-FED-006,spec/framework/23-interface-contract-catalog.md,147,/_matrix/federation/*/query/profile,GET,/_matrix/federation/v1/query/profile,GET /_matrix/federation/v1/query/profile
IF-FED-007,spec/framework/23-interface-contract-catalog.md,148,/_matrix/federation/*/user/devices/{userId},GET,/_matrix/federation/v1/user/devices/{userId},GET /_matrix/federation/v1/user/devices/{userId}
IF-FED-007,spec/framework/23-interface-contract-catalog.md,148,/_matrix/federation/*/user/keys/query,POST,/_matrix/federation/v1/user/keys/query,POST /_matrix/federation/v1/user/keys/query
IF-FED-008,spec/framework/23-interface-contract-catalog.md,149,/_matrix/federation/*/user/keys/claim,POST,/_matrix/federation/v1/user/keys/claim,POST /_matrix/federation/v1/user/keys/claim
IF-FED-009,spec/framework/23-interface-contract-catalog.md,150,/_matrix/federation/*/openid/userinfo,GET,/_matrix/federation/v1/openid/userinfo,GET /_matrix/federation/v1/openid/userinfo
IF-FED-010,spec/framework/23-interface-contract-catalog.md,151,/_matrix/federation/*/3pid/onbind,PUT,/_matrix/federation/v1/3pid/onbind,PUT /_matrix/federation/v1/3pid/onbind
IF-FED-010,spec/framework/23-interface-contract-catalog.md,151,/_matrix/federation/*/exchange_third_party_invite/{roomId},PUT,/_matrix/federation/v1/exchange_third_party_invite/{roomId},PUT /_matrix/federation/v1/exchange_third_party_invite/{roomId}
